{
  "hash": "f8c5ea84",
  "configHash": "cee1ce12",
  "lockfileHash": "a1b33435",
  "browserHash": "1831f1b8",
  "optimized": {
    "@angular/common": {
      "src": "../../../../../../node_modules/@angular/common/fesm2022/common.mjs",
      "file": "@angular_common.js",
      "fileHash": "e7612de3",
      "needsInterop": false
    },
    "@angular/common/http": {
      "src": "../../../../../../node_modules/@angular/common/fesm2022/http.mjs",
      "file": "@angular_common_http.js",
      "fileHash": "10e9beb2",
      "needsInterop": false
    },
    "@angular/core": {
      "src": "../../../../../../node_modules/@angular/core/fesm2022/core.mjs",
      "file": "@angular_core.js",
      "fileHash": "497eeab3",
      "needsInterop": false
    },
    "@angular/platform-browser": {
      "src": "../../../../../../node_modules/@angular/platform-browser/fesm2022/platform-browser.mjs",
      "file": "@angular_platform-browser.js",
      "fileHash": "d8d0e94f",
      "needsInterop": false
    },
    "@angular/platform-server": {
      "src": "../../../../../../node_modules/@angular/platform-server/fesm2022/platform-server.mjs",
      "file": "@angular_platform-server.js",
      "fileHash": "2069a946",
      "needsInterop": false
    },
    "@angular/router": {
      "src": "../../../../../../node_modules/@angular/router/fesm2022/router.mjs",
      "file": "@angular_router.js",
      "fileHash": "627ec1ae",
      "needsInterop": false
    },
    "@angular/ssr": {
      "src": "../../../../../../node_modules/@angular/ssr/fesm2022/ssr.mjs",
      "file": "@angular_ssr.js",
      "fileHash": "0d45a066",
      "needsInterop": false
    },
    "@angular/ssr/node": {
      "src": "../../../../../../node_modules/@angular/ssr/fesm2022/node.mjs",
      "file": "@angular_ssr_node.js",
      "fileHash": "8e651b63",
      "needsInterop": false
    },
    "express": {
      "src": "../../../../../../node_modules/express/index.js",
      "file": "express.js",
      "fileHash": "f61a9003",
      "needsInterop": true
    },
    "@angular/forms": {
      "src": "../../../../../../node_modules/@angular/forms/fesm2022/forms.mjs",
      "file": "@angular_forms.js",
      "fileHash": "22e3f803",
      "needsInterop": false
    },
    "rxjs": {
      "src": "../../../../../../node_modules/rxjs/dist/cjs/index.js",
      "file": "rxjs.js",
      "fileHash": "b0b23c9d",
      "needsInterop": true
    }
  },
  "chunks": {
    "xhr2-TXIMV6CV": {
      "file": "xhr2-TXIMV6CV.js"
    },
    "chunk-SSCNQSCT": {
      "file": "chunk-SSCNQSCT.js"
    },
    "chunk-D32PB72A": {
      "file": "chunk-D32PB72A.js"
    },
    "chunk-D3G7UI4H": {
      "file": "chunk-D3G7UI4H.js"
    },
    "chunk-ETJ475G7": {
      "file": "chunk-ETJ475G7.js"
    },
    "chunk-4JGXRVRH": {
      "file": "chunk-4JGXRVRH.js"
    },
    "chunk-X5PHAT6I": {
      "file": "chunk-X5PHAT6I.js"
    },
    "chunk-MJGQD2AB": {
      "file": "chunk-MJGQD2AB.js"
    },
    "chunk-I45G7NBM": {
      "file": "chunk-I45G7NBM.js"
    },
    "chunk-AQYIT73X": {
      "file": "chunk-AQYIT73X.js"
    },
    "chunk-YHCV7DAQ": {
      "file": "chunk-YHCV7DAQ.js"
    }
  }
}