{
  "hash": "6eda413f",
  "configHash": "78a74f15",
  "lockfileHash": "a1b33435",
  "browserHash": "4593e29b",
  "optimized": {
    "@angular/common": {
      "src": "../../../../../../node_modules/@angular/common/fesm2022/common.mjs",
      "file": "@angular_common.js",
      "fileHash": "74ee79d2",
      "needsInterop": false
    },
    "@angular/common/http": {
      "src": "../../../../../../node_modules/@angular/common/fesm2022/http.mjs",
      "file": "@angular_common_http.js",
      "fileHash": "6b43bc00",
      "needsInterop": false
    },
    "@angular/core": {
      "src": "../../../../../../node_modules/@angular/core/fesm2022/core.mjs",
      "file": "@angular_core.js",
      "fileHash": "8a855fd5",
      "needsInterop": false
    },
    "@angular/platform-browser": {
      "src": "../../../../../../node_modules/@angular/platform-browser/fesm2022/platform-browser.mjs",
      "file": "@angular_platform-browser.js",
      "fileHash": "2af2e30b",
      "needsInterop": false
    },
    "@angular/router": {
      "src": "../../../../../../node_modules/@angular/router/fesm2022/router.mjs",
      "file": "@angular_router.js",
      "fileHash": "d0110239",
      "needsInterop": false
    },
    "@angular/forms": {
      "src": "../../../../../../node_modules/@angular/forms/fesm2022/forms.mjs",
      "file": "@angular_forms.js",
      "fileHash": "456b708e",
      "needsInterop": false
    },
    "rxjs": {
      "src": "../../../../../../node_modules/rxjs/dist/esm5/index.js",
      "file": "rxjs.js",
      "fileHash": "59dde070",
      "needsInterop": false
    }
  },
  "chunks": {
    "chunk-P2QYL724": {
      "file": "chunk-P2QYL724.js"
    },
    "chunk-XRHJR3FL": {
      "file": "chunk-XRHJR3FL.js"
    },
    "chunk-M5JBMDXR": {
      "file": "chunk-M5JBMDXR.js"
    },
    "chunk-YRSD2O3J": {
      "file": "chunk-YRSD2O3J.js"
    },
    "chunk-UPXM2XNN": {
      "file": "chunk-UPXM2XNN.js"
    },
    "chunk-S35MAB2V": {
      "file": "chunk-S35MAB2V.js"
    }
  }
}